{"tube_length": 2.0, "tube_radius": 0.1, "tube_thickness": 0.01, "tube_material": "fibre_carbon", "tube_density": 1780.0, "nose_type": "cone", "nose_parameter": 0.0, "nose_length": 0.5, "nose_radius": 0.1, "nose_thickness": 0.01, "nose_material": "acier", "nose_density": 7850.0, "fins_Cr": 0.2, "fins_Ct": 0.1, "fins_Xt": 0.1, "fins_s": 0.15, "fins_thickness": 0.01, "fins_number": 4, "fins_material": "fibre_carbon", "fins_density": 1780.0, "fins_position": 0.0, "motor": {"availability": "regular", "avgThrustN": 180, "burnTimeS": 4.5, "caseInfo": "RMS-54/852", "certOrg": "Tripoli Rocketry Association, Inc.", "commonName": "J180", "dataFiles": 2, "delays": "6,8,10,12,14", "designation": "J180T", "diameter": 54, "impulseClass": "J", "length": 230, "manufacturer": "AeroTech", "manufacturerAbbrev": "AeroTech", "maxThrustN": 392, "motorId": "5f4294d200023100000000ee", "propInfo": "Blue Thunder", "propWeightG": 437.1, "samples": [[0, 0], [0.093, 301.6], [0.281, 313.2], [0.47, 313.7], [0.658, 308.3], [0.847, 300.1], [1.035, 290.7], [1.224, 278.9], [1.412, 263.8], [1.601, 246], [1.79, 226.7], [1.978, 207.3], [2.167, 187.1], [2.355, 168.3], [2.544, 150], [2.732, 133.1], [2.921, 116.3], [3.109, 100.1], [3.298, 84.51], [3.486, 70.45], [3.675, 57.26], [3.864, 44.45], [4.052, 33.34], [4.241, 24.65], [4.429, 17.96], [4.619, 12.39], [4.808, 0]], "totImpulseNs": 764, "totalWeightG": 809.1, "type": "reload", "updatedOn": "2019-04-17"}, "motor_position": 0.0, "motor_ring": true, "motor_ring_material": "acier", "motor_ring_density": 7850.0, "additional_masses": [{"type": "cylinder", "length": 0.2, "outer_radius": 0.2, "inner_radius": 0.0, "material": "acier", "density": 7850.0, "position": 0.0}], "rocket_mass": 1000000.0, "rocket_prop_weight": 6.0, "rocket_launch_angle": 0.22689280275926285, "wind_on": true, "rocket_volume": 0.06941059413065886, "rocket_cog": [0.5624864990344823, 0.0, 0.0], "rocket_inertia": [[4.3986061306936115, 0.0, 0.0], [0.0, 193.94246850932387, 0.0], [0.0, 0.0, 193.94246855029328]]}