{"tube_length": 0.684664, "tube_radius": 0.03, "tube_thickness": 0.035, "tube_material": "aluminium", "tube_density": 2700.0, "nose_type": "parabole", "nose_parameter": 0.0, "nose_length": 0.15, "nose_radius": 0.03, "nose_thickness": 0.025, "nose_material": "fibre_carbon", "nose_density": 1780.0, "fins_Cr": 0.09, "fins_Ct": 0.03, "fins_Xt": 0.03, "fins_s": 0.1, "fins_thickness": 0.002, "delta": 0.0, "fins_number": 4, "fins_material": "aluminium", "fins_density": 2700.0, "fins_position": 0.0, "motor": {"availability": "regular", "avgThrustN": 146.7, "burnTimeS": 0.97, "caseInfo": "Pro24-6G", "certOrg": "Canadian Association of Rocketry", "commonName": "G150", "dataFiles": 2, "delays": "4,6,8,10,13", "designation": "143G150-13A", "diameter": 24, "impulseClass": "G", "length": 228, "manufacturer": "Cesaroni Technology", "manufacturerAbbrev": "Cesaroni", "maxThrustN": 247.4, "motorId": "5f4294d20002310000000390", "propInfo": "Blue Streak", "propWeightG": 65.9, "samples": [[0, 0], [0.005, 114.8], [0.006, 177.4], [0.01, 222.6], [0.016, 243.4], [0.019, 247], [0.037, 215.4], [0.077, 206.1], [0.12, 204.5], [0.163, 200.2], [0.204, 195.9], [0.249, 192.9], [0.316, 186.7], [0.387, 180.4], [0.444, 176.1], [0.536, 168.2], [0.616, 160.6], [0.639, 156.7], [0.676, 142.5], [0.715, 114.8], [0.75, 93.01], [0.784, 72.23], [0.831, 49.8], [0.889, 31.66], [0.923, 21.77], [0.953, 14.84], [0.996, 8.245], [1.03, 5.937], [1.061, 2.309], [1.099, 0]], "totImpulseNs": 142.5, "totalWeightG": 159.9, "type": "reload", "updatedOn": "2019-04-17"}, "motor_position": 0.0, "motor_ring": false, "motor_ring_material": "acier", "motor_ring_density": 7850.0, "parachute_l0": 1.0, "parachute_weight": 1.5, "parachute_sref": 0.29, "parachute_Cd": 1.0, "parachute_deploy_method": "timer", "parachute_deploy_timer": 9.0, "additional_masses": [], "rocket_mass": 1.6386, "rocket_prop_weight": 0.076, "ejected_nose_mass": 0.2, "rocket_launch_angle": 1.3962634015954636, "wind_on": true, "wind_average_speed": 5.0, "rocket_volume": 0.005942943798338263, "rocket_cog": [0.34572411027178074, 0.0, 0.0], "rocket_inertia": [[0.0031748754685412945, 0.0, 0.0], [0.0, 0.5134151570373491, 0.0], [0.0, 0.0, 0.5134151570390144]]}