{"time_steps": [0.0031622776601683794, 0.0041824289443334745, 0.005531681197617227, 0.007316202445836984, 0.009676410537094535, 0.01279802213997954, 0.01692666615037876, 0.0223872113856834, 0.029609329396270843, 0.03916130384410114, 0.0517947467923121, 0.06850374047706327, 0.09060305822453375, 0.11983161944838325, 0.15848931924611134], "apogees": [242.46343900033935, 242.3826366908985, 242.30721471735802, 242.4662933422724, 242.83661486230812, 242.3074336828684, 241.65766809112083, 240.823652788322, 239.67444257383457, 237.84906745789533, 235.81729761043505, 233.82205340060142, 230.7866359066336, 229.13805373739436, 229.13805373739436], "computation_times": [76.42309904098511, 58.311492919921875, 45.68391013145447, 33.58884882926941, 27.430277109146118, 20.97675895690918, 17.175804138183594, 13.552458047866821, 10.494594812393188, 7.8964927196502686, 5.253355979919434, 5.309849977493286, 5.188624858856201, 2.797847032546997, 2.8463988304138184]}